School ID,School Name,ncessch,school_id,school_name,leaid,latitude,longitude,census_tract,college_enroll_pct,salaries_crdc,free_or_reduced_price_lunch,teachers_certified_fte_crdc,counselors_fte_crdc,law_enforcement_fte_crdc,enrl_AP_crdc,FY 2017 Ending Budget,food_stamps,above_pov_rate,internet_rate,emp_rate_25_64,median_earnings,ds_pm_pred
609749,NORTHSIDE PREP HS,170993003481,3481,Northside College Preparatory High School,1709930,41.981351,-87.707935,17031831800,1.5478923722137108,0.24397761992685013,-2.659490668378323,-0.47878764182893335,-0.11532933494296128,-0.0769571410105489,2.3556860780259674,-0.7048321807215483,-0.504092059064762,0.7329365323266592,0.5755197312148091,0.6352397890043866,-0.17800100867849006,0.9340312915185052
609737,VON STEUBEN HS,170993001180,1180,Von Steuben Metro Science High School,1709930,41.973222,-87.713126,17031831800,0.8262635964166113,-0.06035998236995287,-0.682992190751051,-0.5474665854031435,-0.2090640547180305,-0.41820653452304923,0.8923571828314887,-0.7454883444412392,-0.504092059064762,0.7329365323266592,0.5755197312148091,0.6352397890043866,-0.17800100867849006,0.9340312915185052
610391,LINDBLOM HS,170993005791,5791,Lindblom Math & Science Academy High School,1709930,41.78211,-87.672162,17031670600,1.4835433094037784,-0.26262085871972773,-1.2021459146861553,-0.44398845828857325,-0.3515426295117471,0.40001936977069685,1.8424195589453576,-0.8223169146490571,1.5930768036343321,-1.4531311006207626,-1.7458175368095943,-4.268137227717351,-0.5568778685431683,-0.5730068736297356
609720,LANE TECH HS,170993000942,942,Lane Technical High School,1709930,41.945356,-87.690624,17031843700,1.3916160768181605,-0.08450482349638562,-2.474924463934432,-0.7066887693698806,-0.5905104654435093,-0.41820653452304923,3.1278379323091583,-1.0136953710381167,-1.2476719566834966,1.3110152073005965,1.1085492597003193,0.7982974570188869,1.4787019780814374,0.05042750693635084
610402,DEVRY HS,170993005790,5790,Devry Advantage Academy High School,1709930,41.941039,-87.691119,17031843700,1.134219825578431,0.49779471260491337,-0.9693888359946878,-0.6454577145195856,0.3220952364863161,-0.41820653452304923,2.80822249827486,-0.31196638280489647,-1.2476719566834966,1.3110152073005965,1.1085492597003193,0.7982974570188869,1.4787019780814374,0.05042750693635084
609755,YOUNG HS,170993000714,714,Young Magnet High School,1709930,41.87827,-87.663686,17031833100,1.2445325046811724,0.21140417287643642,-2.910189036710381,-0.627157215523007,-0.1376737913145224,-0.41820653452304923,1.9255204331128468,-0.846795625757886,-0.9301290529450824,0.8126715219782361,1.3875915071236957,1.0545309353273866,3.608069585879734,-0.1603343778005823
609678,JONES HS,170993000990,990,Jones College Prep High School,1709930,41.874066,-87.628054,17031839000,1.2169543349054872,-0.10218950798972462,-2.9753205331124737,-0.5336343903084921,-0.12274239654431948,-0.41820653452304923,2.6706325880678414,-0.9276777743932174,-1.1385576582020571,0.2943940892429814,1.1867418791051971,0.9264141961731359,1.7406653274419253,-0.6206006073259277
609738,LINCOLN PARK HS,170993001185,1185,Lincoln Park High School,1709930,41.919347,-87.645354,17031071200,1.2077616116469247,-0.08849893476804989,-1.9532916730666543,-0.4844556308880018,-0.402345525484372,-0.41820653452304923,0.9790624068717336,-0.855249001371932,-1.3475291962429827,0.9787860837523563,1.5317487717494813,1.1710006981948864,2.1776135134031906,-0.10679142739236491
610529,OGDEN HS,170993006093,6093,Ogden International High School,1709930,41.893928,-87.6585,17031243200,1.1434125488369928,-0.6737939948434795,-2.1410251401043623,1.0590788257409407,0.11600737574406789,-0.41820653452304923,-0.9189919946842897,0.12706783912200342,-1.3038422071736717,0.9189848415136735,1.862783063720149,0.9613551250333872,1.7660394135128898,0.08800914421474451
609751,KING HS,170993000931,931,King College Prep High School,1709930,41.813881,-87.602917,17031390300,1.0606780395099373,0.46596228930354644,-0.39662605989992916,-0.28842195071500426,-0.25358293380829144,-0.41820653452304923,1.335571492744969,-0.3495517380855638,0.9065147738276301,-1.1142573946015573,-0.7857445259788044,0.006303069519889108,0.15751507119150224,-0.9076865893927335
609726,BROOKS HS,170993002031,2031,Brooks College Prep Academy High School,1709930,41.694049,-87.615882,17031490901,1.0422925929928133,0.23725146133526526,-0.9109527423651077,-0.5996447127056741,0.004659618840131346,0.3338915044566342,2.690907795452345,-0.7327671248944778,0.663879210421092,0.5402436406686794,0.20027563935079543,-1.6126266343383577,-0.456473573533251,-1.4707581857587813
400035,CHICAGO MATH & SCIENCE HS,170993005092,5092,Chicago Math & Science Elementary Charter,1709930,42.008825,-87.672858,17031010202,1.037696231363533,-1.807740776999554,0.46618794961560195,-0.0915620227373319,-0.23955086928860728,-0.41820653452304923,0.11885961379924441,-0.4085948942297984,0.05160732933625876,0.47379781595903137,0.09639619140067328,0.5537109549971381,-0.4673940662726534,-0.2925230710848123
400094,EPIC HS,170993006088,6088,EPIC Academy High School,1709930,41.744942,-87.549779,17031460100,1.0055216999585666,1.810742829672608,0.6038925608950827,-0.6659560130787845,-0.716148254776956,-0.41820653452304923,-0.6031335025748079,-0.47192369888122504,1.2495714199474344,-1.0544561523628742,-0.07181392772395326,-1.1001596777213583,-0.5013118319573856,-1.961713667347369
609753,CHICAGO AGRICULTURE HS,170993005147,5147,Chicago High School for Agricultural Sciences,1709930,41.690023,-87.717329,17031740400,1.0055216999585666,0.5355393801640304,-2.92192252400894,-0.46918014237037,-0.4242347268248405,3.6083461978417177,-0.6531604741163439,-0.2368990779946885,-1.3012973454046552,1.3907501969521745,0.3570090192651711,0.8565323384526368,1.1135720914298892,-1.3490894488555674
609746,KENWOOD HS,170993000925,925,Kenwood Academy High School,1709930,41.803407,-87.589655,17031390700,0.9549617220364763,-0.2232817505325192,-1.6780976644565682,-0.5575235561501569,-0.40445761043874173,0.19954236757906674,0.3338985101932323,-0.8560675131046671,-1.2720968752113326,0.34755074901069966,0.5552891311663677,-0.028637859340360478,0.7155522501749644,-1.414821038381094
610340,CHICAGO ACADEMY HS,170993005061,5061,Chicago Academy High School,1709930,41.943327,-87.776988,17031171100,0.945768998777915,-0.584999760608948,-0.1926717872315004,-0.43203164203624084,-0.717210630152395,-0.41820653452304923,0.021128787025920196,-0.6421285622890939,-1.3090751744280444,0.9522077538684977,0.4945098612844355,0.9147672198863865,0.25958955920862226,1.725930077027511
610524,ALCOTT HS,170993006072,6072,Alcott Humanities High School,1709930,41.935468,-87.680351,17031051400,0.9273835522607909,-0.28868617248148576,-0.08612288512970709,3.070000884103451,0.7113358180179646,-0.41820653452304923,0.5680655077124455,1.5850023865726492,-1.0312206105570267,1.091743985758758,1.4070301771691156,0.7167686230116367,1.8038757089452897,0.07480478517098958
609694,HANCOCK HS,170993001980,1980,Hancock College Preparatory High School,1709930,41.791703,-87.724928,17031620300,0.858438127821578,-0.0030261987414891586,-0.0158351251625463,-0.522085911544505,-0.32950926438133027,-0.41820653452304923,1.0640175836143726,-0.8248955456677005,-0.14995833192893024,0.9787860837523563,0.7576556768459669,0.3091244529753877,-0.2886191763093778,0.6337409504079444
610384,INFINITY HS,170993005795,5795,Infinity Math  Science & Tech High School,1709930,41.834922,-87.735531,17031830500,0.7986854266409265,-0.49600114910635573,0.5852102349626109,-0.3536266745057257,-0.5467120902338469,-0.41820653452304923,0.3037384085268558,-0.5400894246979617,-0.059852410307786555,-0.39664248773735794,0.5933056259993503,0.1460667849608891,-0.6844549190164221,1.0397387152919055
610392,WORLD LANGUAGE HS,170993005788,5788,World Language High School,1709930,41.835226,-87.735982,17031830500,0.6745836626503424,-0.35694095298425493,0.6754525414757118,-0.3287149951577816,0.4779978845588787,-0.41820653452304923,0.7246293442423004,-0.5367137053800887,-0.059852410307786555,-0.39664248773735794,0.5933056259993503,0.1460667849608891,-0.6844549190164221,1.0397387152919055
610383,SOCIAL JUSTICE HS,170993005793,5793,School of Social Justice High School,1709930,41.834912,-87.735753,17031830500,0.417187411410613,-0.7454127860142588,0.7184911799665754,-0.11305945145338943,-0.20275349729642855,0.8453707652312789,0.6603239016288196,-0.2192102659743086,-0.059852410307786555,-0.39664248773735794,0.5933056259993503,0.1460667849608891,-0.6844549190164221,1.0397387152919055
610385,MULTICULTURAL HS,170993005794,5794,Multicultural Academy Scholarshp High School,1709930,41.835448,-87.735546,17031830500,0.00811122640461361,-1.005661189056102,0.5977656863035641,0.1332091942765727,0.062443562765465054,-0.41820653452304923,-0.49702635808051643,-0.2136101346395829,-0.059852410307786555,-0.39664248773735794,0.5933056259993503,0.1460667849608891,-0.6844549190164221,1.0397387152919055
610304,PHOENIX MILITARY HS,170993004715,4715,Phoenix Military Academy High School,1709930,41.879116,-87.688418,17031280800,0.7573181719773979,0.992724547182414,0.5150557639106177,-0.6883518784577052,-0.1186531382574302,0.26236428982673954,1.9020224002532824,-0.39143187154049236,0.91565813831448,-0.031190451834293583,-0.8343618022296718,-1.624273610625107,-0.8165286429706063,0.36791253537313023
610244,CLARK HS,170993001210,1210,Clark  G R Elementary School,1709930,41.868021,-87.77017,17031831400,0.7527218103481176,0.32303157401353444,0.44326979353183443,-0.3021793471430874,0.028009682993506084,-0.41820653452304923,-0.9315391306143308,1.5997286571371518,0.4059094362418455,0.08841203264307275,-0.7470638304765298,0.15771376124763842,-0.6634490300412187,1.2606577992932766
609734,TAFT HS,170993001153,1153,Taft High School,1709930,41.984656,-87.791426,17031100300,0.7435290870895558,-0.3334466233625834,-2.0209597526475274,-0.5961020957400196,-0.4607649312020985,-0.20392660109302385,0.4132791170193131,-0.9397265618857146,-1.4169977045825897,1.2645031300038436,-0.4374310756244949,1.1011188404743855,0.8855907459467182,1.2496299829490325
609756,CURIE HS,170993001198,1198,Curie Metropolitan High School,1709930,41.801913,-87.722181,17031570400,0.6791800242796228,-0.2713264332759376,0.4382477297604798,-0.3917946162733894,-0.33049943561989364,0.07751789308975983,0.09091690763539113,-0.6728774548809917,-0.7255157739874696,0.600044882907363,-0.9309285711010503,-0.11016669334761062,-0.6262551165346658,0.6581907800658926
400022,CHIARTS HS,170993006058,6058,Chicago High School for the Arts,1709930,41.899534,-87.695034,17031351000,0.6378127696160952,-0.03944941600320006,-2.6611839657925622,-0.42760756245515397,-0.2870788297585053,-0.41820653452304923,1.3519890153631076,-0.6859993523961758,-1.2203803673051827,-0.05776878171815319,0.9105621098943076,0.600298860144137,0.8388895799376267,-1.073176385979635
610390,RICKOVER MILITARY HS,170993005078,5078,Rickover Naval Academy High School,1709930,41.98902,-87.666421,17031030500,0.605638238211129,0.6043819527670483,0.23179920931130354,-0.5131278350295246,0.3949314704552346,-0.41820653452304923,0.5116079839384098,-0.5733422375645888,-1.3344094082734008,1.0120089961071803,1.7416904639906416,1.0312369827538863,1.136762078952973,-0.4630189158806234
609730,SENN HS,170993001114,1114,Senn High School,1709930,41.989094,-87.666773,17031030500,0.5964455149525673,-0.45487167463666367,-0.28552469200349445,-0.1900258396100078,-0.21106801799084457,-0.41820653452304923,0.016287713011361737,-0.7343038965422362,-1.3344094082734008,1.0120089961071803,1.7416904639906416,1.0312369827538863,1.136762078952973,-0.4630189158806234
609679,PROSSER HS,170993000681,681,Prosser Career Academy High School,1709930,41.91938,-87.761802,17031191200,0.47234375096198317,-0.3418006497474427,0.4091276856687551,-0.46414534254461737,-0.509824134965451,-0.41820653452304923,0.20755899537300807,-0.643612050469899,-0.22209852019300097,-0.3700641578534993,-1.072229112140118,0.8099444333056361,-0.6573464017456703,1.3420604962553582
610357,SPRY HS,170993005677,5677,Spry Community Links High School,1709930,41.848607,-87.697784,17031301100,0.44936194281557873,-0.23340827015719376,0.7262400721179685,0.7418336008877109,1.1228646974481695,2.3832129052423605,1.3065197666743942,0.2478341867003186,1.368613906001327,-0.7222270288146339,-1.3169142748823934,-0.3431062190826101,-0.7414984340316534,0.843487115218442
609695,AMUNDSEN HS,170993000587,587,Amundsen High School,1709930,41.975232,-87.680089,17031040402,0.3850128800056467,0.08397663843521604,-0.17794819401604556,-0.471917293971933,-0.5296918444713102,-0.41820653452304923,-0.7277505138060574,-0.6847135719864049,-1.2317549572225566,1.1781235578813005,1.9858157789694517,0.9497081487466362,1.6014611641108372,0.45265259780780764
609741,HUBBARD HS,170993000889,889,Hubbard High School,1709930,41.780103,-87.718726,17031650100,0.37122379511780407,-0.26272150156289714,0.6523257286529399,-0.5542400476262288,-0.41544520647260563,-0.41820653452304923,0.3401028576583622,-0.6942538483883006,0.1746433303973815,-0.09099169407297722,-0.2733682179192175,-0.028637859340360478,-0.8665701949941031,-0.13682771664576018
609713,HYDE PARK HS,170993000893,893,Hyde Park Academy High School,1709930,41.78211,-87.587269,17031420100,0.3436456253421182,-0.3228504801862145,0.7478150638946286,-0.422971047212584,-0.5641243242999936,0.4261465209202634,-0.6526365267488439,-0.6153192802183878,1.4799549406052268,-0.6890041164598099,-0.36567639180817396,0.4372411921296384,-0.5616957329870224,-1.3855102633608758
609724,MATHER HS,170993000977,977,Mather High School,1709930,41.988119,-87.701409,17031020701,0.3436456253421182,-0.3950919069257944,0.15144638274096991,-0.3690632512317322,-0.21181759336551442,-0.41820653452304923,0.4353112268130825,-0.6538825252045545,-1.0199330870530026,1.1581898104684063,1.2670593390068279,0.740062575585137,0.19676460686076613,0.7681061863917057
609739,WASHINGTON HS,170993001189,1189,Washington G High School,1709930,41.687525,-87.53905,17031520600,0.33904926371283783,-0.7647349559205381,0.39175486144594623,-0.3620818063006997,-0.4242347268248405,0.5884316485681426,0.17037638469020064,-0.7544369405025642,-0.8404669342691167,0.5269544757267496,-0.788748673906872,-0.2382834325018613,-0.4213995203819939,-2.301326879895936
609727,PHILLIPS HS,170993001061,1061,Phillips Academy High School,1709930,41.824429,-87.619904,17031839600,0.33445290208355644,-0.3603508852251933,0.48318234015410805,-0.42278212506153284,-0.30926854000943566,-0.41820653452304923,-0.4411321458408004,-0.5146940155338726,-0.02270241919201702,0.5203098932557851,-0.7417528758518644,0.017950045806638417,0.5857911011538302,-0.8449296082232146
609718,KENNEDY HS,170993000924,924,Kennedy High School,1709930,41.790206,-87.780788,17031561100,0.32526017882499514,-0.7646614368686818,-0.7227321907430622,-0.4028902201825591,-0.37086809047370606,-0.41820653452304923,-0.23219026648293042,-0.7332409419351473,-0.9886415773178883,1.38410561448121,0.45402229190173077,0.5770049075706367,0.4623895331985831,0.8415282267888701
610513,AIR FORCE HS,170993006055,6055,Air Force Academy High School,1709930,41.827898,-87.632962,17031340600,0.3022783706785907,1.147768417044488,0.028521573035404243,0.006721969493082756,1.076955564259708,-0.41820653452304923,-0.15044413816338864,-0.06558968388043251,1.9223927867647568,-3.107632135891,-2.1174644633673374,-2.707442405292854,-1.2525132560431007,-0.8201895728719976
609691,NORTH-GRAND HS,170993005074,5074,North-Grand High School,1709930,41.912521,-87.735313,17031230500,0.2838929241614671,-0.23373642882766865,0.6225103883213593,-0.3578424971646084,0.006010259805865636,-0.41820653452304923,-0.1449905469998799,-0.6344614764523242,0.8812694270750578,-0.9016307555306838,-0.43129433269819173,0.9380611724598868,-0.6222723485944132,1.4652528130482356
609759,CLEMENTE HS,170993001086,1086,Clemente Community Academy High School,1709930,41.902601,-87.685986,17031242400,0.265507477644343,-0.4239264258769206,0.4700825665739762,-0.13875931567948405,-0.4667588014119702,0.5390997111186404,-0.06379250467115789,-0.4808394550611514,-1.3320112541758493,0.9123402590427082,1.4337713974740833,0.8332383858791365,0.9901705234746422,0.38184240865006225
609732,STEINMETZ HS,170993001139,1139,Steinmetz College Prep High School,1709930,41.935607,-87.784325,17031190401,0.2563147543857818,-0.045033021881511974,0.2317093377250839,-0.45300907699725884,-0.3154295880862725,-0.41820653452304923,-0.23099890216922703,-0.516068041209143,-0.7353276356976802,0.46050865101710153,-0.08961604845148372,-0.08687274077411034,-0.13162103363232225,2.0030765140998383
610381,BRONZEVILLE HS,170993005792,5792,Bronzeville Scholastic High School,1709930,41.804436,-87.62508,17031381800,0.2563147543857818,-0.0581258814522603,0.5583056963748539,-0.3682904054931443,-0.32452765752893076,-0.41820653452304923,-0.9142965602756873,-0.22660074116456844,0.4399843716828633,-0.031190451834293583,-0.423166136900013,0.7051216467248874,0.17113356801946286,-0.8864290223607418
609760,CARVER MILITARY HS,170993000671,671,Carver Military Academy High School,1709930,41.656534,-87.589046,17031540102,0.24252566949793858,2.059206490930171,0.4752581025081544,-0.6993594113848218,-0.6402573142544837,-0.41820653452304923,-0.2926982923353035,-0.4239925186066887,2.0436856070937934,-2.602643868097674,-1.3292799496030774,-1.9620359229408568,-1.1086839428459128,-1.4517497128496302
609692,SIMEON HS,170993000758,758,Simeon Career Academy High School,1709930,41.74549,-87.634742,17031842400,0.20115841483441108,0.39465833677852596,0.28864765283955673,-0.6767450074322378,-0.8252713152507051,-0.41820653452304923,-0.9315391306143308,-0.704686448566992,-0.19332688432200074,-0.09763627654394165,0.21388351627519264,-1.3098052508828575,-0.2632450902384134,-0.6142886334973241
609719,LAKE VIEW HS,170993000941,941,Lake View High School,1709930,41.955475,-87.668633,17031060100,0.1781766066880066,-0.4118442595156477,-0.32435944911472214,-0.42525620276320236,-0.17060282008281574,0.10214351260400306,0.08374909318478259,-0.7533059135480984,-1.3956806695949053,1.2844368774167378,1.6065801550575816,1.077824887900887,1.905179338651393,-0.21902847926432814
609728,ROOSEVELT HS,170993001093,1093,Roosevelt High School,1709930,41.964989,-87.714552,17031140702,0.1735802450587252,-0.6011340685137351,0.6947819672747876,-0.22074578560335778,-0.7250551944578435,0.23945153231905786,-0.44149869207275777,-0.4520987503672344,-0.574475355470966,0.09505661511403718,0.005042383060606323,0.44888816841638773,-0.3098177798623354,0.7377071400217218
609725,MORGAN PARK HS,170993001002,1002,Morgan Park High School,1709930,41.692187,-87.665682,17031750500,0.14600207528304035,0.2985547129445982,0.12921323311387717,-0.3761818232707952,-0.8017718650910592,-0.13387678807951042,-0.5646020397255602,-0.5323177027371654,-0.5876746718109661,0.08176745017210738,-1.0460633378103976,-0.028637859340360478,0.19111164591331076,-1.2031885365643442
609715,KELLY HS,170993000920,920,Kelly High School,1709930,41.818178,-87.694838,17031580501,0.10923118224879323,-0.19174707539182734,0.5917767824910096,-0.3862653015422381,-0.6330200502279268,-0.41820653452304923,-0.43827943466549163,-0.48543942195404294,0.21833785285127785,-0.20394959607937913,-0.3965502871056133,0.23924259525488856,-0.5796824269107439,0.23964161894803382
609711,HARPER HS,170993000852,852,Harper High School,1709930,41.775322,-87.669837,17031671300,0.07246028921454609,3.0660743717065047,0.7317529655391095,-0.1271048599985873,1.0327594584290245,2.2786823291317106,-0.9315391306143308,1.6757286171316648,1.3325583920612436,0.015321625462459309,-1.4459784541040515,-2.311445211543356,-0.7914115096699809,-0.45685204489863873
609723,MARSHALL HS,170993000972,972,Marshall Metropolitan High School,1709930,41.878873,-87.707189,17031271300,0.04028575780957985,-0.07030783390175604,0.6504175790236904,0.06474118114411541,-1.29195570826492,-0.41820653452304923,-0.5733386371276739,0.3250236774962921,1.1904362435429496,-1.997986863239877,-0.19112263885347694,-0.7041624839718602,-0.5462785667666895,1.148783504537902
609764,JUAREZ HS,170993000722,722,Juarez Community Academy High School,1709930,41.852914,-87.66456,17031310700,0.021900311292456284,-0.704357871983011,0.6688118734762473,-0.4139221773548,-0.3937093635792552,-0.41820653452304923,-0.34559005346617483,-0.7833288054757358,-0.6401818784165706,-0.10428085901490702,0.4782511270188493,0.6468867652911375,-0.6635775064263881,-0.05615053391685586
609710,HARLAN HS,170993000851,851,Harlan Community Academy High School,1709930,41.71875,-87.621348,17031490500,-0.001081496853948175,0.7346980303753324,0.594187707942152,-0.24702970779407626,-0.48493023588930195,-0.41820653452304923,-0.9315391306143308,0.4367088893258958,0.0716073231178378,0.6332677952621871,0.43382948658341225,-1.1001596777213583,-0.4794708464785808,-1.3363203983517105
610394,UPLIFT HS,170993005787,5787,Uplift Community High School,1709930,41.965948,-87.65217,17031031501,-0.06083419803459977,0.15496367205120948,0.5064533129148131,0.13136713881369033,-0.004716731665793696,-0.41820653452304923,-0.9315391306143308,0.25243992273790333,0.905984123679262,-1.3003057037885721,-0.17590923836659877,-0.07522576448736103,-0.4242902390483063,-0.11375636403083607
609780,MARINE LEADERSHIP AT AMES HS,170993002618,2618,Marine Leadership Academy - Ames,1709930,41.916146,-87.722135,17031222900,-0.1435687073616553,0.17772180808736177,0.6607463878217252,-0.408276227491244,-0.21031740153926537,-0.41820653452304923,-0.301786179681192,-0.6336591343804899,-0.05217800424834473,0.4139965737203477,0.6502584785997132,0.7982974570188869,-0.5825731455770563,1.0938620770866605
609729,SCHURZ HS,170993001111,1111,Schurz High School,1709930,41.947454,-87.735529,17031161100,-0.1527614306202176,-0.48976330851943123,0.4136720127603638,-0.35963888853334464,-0.5754247540682816,0.4130369565171758,-0.3632382901717279,-0.5339689127160295,-1.1122542063947867,1.5169972639005063,0.81807085115523,1.1127658167611365,1.9686466729250964,1.1714921000362375
609698,BOGAN HS,170993000626,626,Bogan High School,1709930,41.748598,-87.720583,17031700401,-0.19412868528374563,-0.4177531233148135,0.3696455140524424,-0.20205138607879777,-0.8930929267835006,0.50723036107167,-0.9315391306143308,-0.3833757122507537,-0.1583654175463139,0.6399123777331515,0.4118330209837938,0.332418405548888,-0.02961078380778697,-0.26771048431027555
400091,CHICAGO TECH HS,170993006076,6076,Chicago Technology Academy High School,1709930,41.863183,-87.659626,17031842900,-0.27226683298152077,0.6950538245628277,0.42397731399253685,0.4164635978502095,0.006010259805865636,-0.41820653452304923,-0.07558920138684005,-0.08790792756925758,0.8071114710805983,-0.7753836885823521,-1.5398841936264296,0.4255942158428874,-0.5704963653711289,0.178553320514818
609750,SIMPSON HS,170993004383,4383,Simpson Academy High School for Young Women,1709930,41.864477,-87.668483,17031842900,-0.3366158957914528,-1.6396799482793747,0.11766914217092478,5.283530480800492,6.124992680710998,-0.41820653452304923,-0.9315391306143308,4.061382081322781,0.8071114710805983,-0.7753836885823521,-1.5398841936264296,0.4255942158428874,-0.5704963653711289,0.178553320514818
609733,SULLIVAN HS,170993001149,1149,Sullivan High School,1709930,42.002831,-87.668928,17031830600,-0.27226683298152077,-0.45407421116773183,0.531289520697521,-0.3205065186240457,-0.4302355634876349,1.0813084353098878,-0.7625953293986323,-0.5842650179795064,-0.26316459974388334,0.36083991395262943,0.784191269199525,0.5770049075706367,-0.21834259362169417,0.30080246880456935
609708,FOREMAN HS,170993000799,799,Foreman High School,1709930,41.939595,-87.753937,17031151001,-0.35500134230857633,-0.05142286132169605,0.6574040801730917,-0.3570333998866409,-0.5053096670098983,-0.41820653452304923,-0.8263855766551795,-0.14738644769269685,-0.32962861878873195,0.320972419126841,-0.3195470717322223,0.6468867652911375,-0.16875070894629038,1.446171788715775
609761,CORLISS HS,170993001072,1072,Corliss High School,1709930,41.706533,-87.602607,17031500200,-0.4469285748941942,0.10709631326462225,0.03374241090319568,0.02715730758691931,-0.2870788297585053,0.7475454258954599,0.3758926706119671,0.4456472681683866,2.1477536365379883,-0.5162449722147252,-0.7318926385715641,-1.0069838674273588,-0.5320176880128817,-1.5360544667444096
609676,DUNBAR HS,170993000588,588,Dunbar Vocational Career Academy High School,1709930,41.839591,-87.618741,17031839200,-0.4882958295577222,-0.13624499115064664,0.5959524263724852,-0.07687682818956457,-0.6103105609192121,3.5356567885594212,-0.9315391306143308,0.3479231833811577,-0.21680429727803607,0.16150243982368526,0.5082872195034389,0.20430166639463895,-0.28386555005810854,-0.7528618520334774
609740,WELLS HS,170993001192,1192,Wells Community Academy High School,1709930,41.899153,-87.668346,17031242100,-0.5250667225919693,-0.13020795355214868,0.32227265135391153,-0.1175406056082858,0.3475802514034408,-0.41820653452304923,0.4710985912492102,-0.1356424485860848,-1.255235587033574,1.2312802176490196,1.9181273379687556,0.868179314739386,1.4821066022884275,-0.05469950545050169
609705,FENGER HS,170993000792,792,Fenger Academy High School,1709930,41.689552,-87.637839,17031491200,-0.6123975935483063,1.7544707153718206,0.544942751578279,-0.7123915031660355,-0.05087271090639988,-0.41820653452304923,-0.9315391306143308,0.056938014149310434,0.36865369171436313,-0.18401584866648488,0.09694204944938742,-1.0419247962876084,-0.5558500574618128,-1.4218585264428745
610334,RABY HS,170993005075,5075,Raby High School,1709930,41.8858,-87.715382,17031836800,-0.6353794016947107,-0.5335963134204237,0.8739856158045343,0.09606107577511215,-0.46785033171204027,-0.41820653452304923,-0.9315391306143308,-0.06204292958285196,2.3674039826644564,-2.3302159867881174,-1.3169142748823934,0.09947887981388855,-0.942307024051488,0.5148291675907891
609682,RICHARDS HS,170993000718,718,Richards Career Academy High School,1709930,41.802843,-87.662097,17031611200,-0.6767466563582385,0.5024936661752455,0.75687854891933,-0.15002381061129097,0.14358268960138673,-0.41820653452304923,-0.9315391306143308,0.1024468087173547,0.5930953792481864,-1.1674140543692761,-1.065845667382635,-0.37804714794285965,-1.0404629823209401,0.13894024338353264
609712,HIRSCH HS,170993000879,879,Hirsch Metropolitan High School,1709930,41.753954,-87.601929,17031691500,-0.708921187763205,0.13332566010194088,0.7812402380158874,0.20520062100750552,0.9818532868955804,-0.41820653452304923,-0.891012797409636,1.6249498935812698,1.7053346812453338,-0.8285403483500708,-1.4216108486218573,-1.6708615157721076,-0.5845645295471826,-1.1783759497898074
609762,JULIAN HS,170993000895,895,Julian High School,1709930,41.70605,-87.654396,17031730700,-0.708921187763205,0.03814974632562031,0.6769915575557798,-0.20198778196916395,-0.08454550540837523,-0.41820653452304923,0.06913143403880094,0.27707526010678707,0.6494406357586449,-0.13750377136973105,0.19252702482118247,-0.005343906766861857,-0.11723167849334498,-0.8563201816840371
609704,FARRAGUT HS,170993000788,788,Farragut Career Academy High School,1709930,41.849562,-87.708282,17031300800,-0.7273066342803283,-0.27765766077590426,0.8390787016368293,0.03737929517527775,-0.43615397107539094,0.0781988332375797,-0.8018882651833773,-0.1023770056372403,1.5519120173166072,-1.1541248894273464,-1.4103855468531095,0.5537109549971381,-0.9186031309877263,0.7525076303784705
609674,CHICAGO VOCATIONAL HS,170993000943,943,Chicago Vocational Career Academy High School,1709930,41.737729,-87.572866,17031450300,-0.78705933546098,0.27774734218854996,0.4913582361889858,-0.49619813169703675,0.12400716599411883,-0.41820653452304923,-0.5908416157866809,-0.2735880841867527,0.08647443557209306,0.5601773880815737,-0.16495763737417038,-0.5178108633838596,-0.1762023392861179,-1.5312660728054595
609735,TILDEN HS,170993001161,1161,Tilden Career Communty Academy High School,1709930,41.807504,-87.642518,17031843800,-0.8606011215294742,0.16701659227543933,0.5665795652308739,0.33722426443378745,-0.03585961013190166,-0.41820653452304923,-0.7300513530280863,0.4706226262964905,0.5068963863835348,0.048544537817283344,0.11642444968575075,-1.076865725147858,-0.06057359263362199,-0.78108435570393
609722,MANLEY HS,170993001125,1125,Manley Career Academy High School,1709930,41.870762,-87.700024,17031271800,-0.9479319924858108,0.8618210580042206,0.3724283753948774,0.6581707636261596,1.4406042245156814,-0.41820653452304923,-0.10359325312543513,1.7371632472361083,1.5133107566893031,-3.26045753272319,-1.1666974516909894,-0.33145924279586075,-0.9969094877485,0.9019635624122389
609709,GAGE PARK HS,170993000809,809,Gage Park High School,1709930,41.79102,-87.689367,17031835100,-0.9847028855200582,-0.22851579496620833,0.8546754079670805,-0.17012946941392484,-0.34511123307650493,-0.41820653452304923,-0.03712665219703996,0.6663128885250188,0.5318112764336785,0.1282795274688612,0.07560013357442665,-1.0419247962876084,-0.6342206524151711,-0.12057619782266768
609716,KELVYN PARK HS,170993000923,923,Kelvyn Park High School,1709930,41.92744,-87.736051,17031200200,-0.9847028855200582,-0.2585759970091801,0.7331195763694494,-0.2496800049563303,-0.25588531246562324,-0.41820653452304923,-0.24214217197482246,-0.0686793569951769,0.2134521350578318,0.32761700159780544,-0.2031512792067734,0.868179314739386,-0.5237309611694528,1.3265344916654325
610518,AUSTIN CCA HS,170993005984,5984,Austin College and Career Academy High School,1709930,41.884832,-87.762933,17031251900,-1.113401011139923,0.25600885592762473,0.6709198228837292,0.183842588672399,0.13047274989484503,-0.41820653452304923,-0.19632852868623812,0.47824931404489485,1.3318826735667921,-1.5328660902723406,-1.3058114282796558,-1.7174494209191065,-0.8714522976305419,1.212918962750445
610323,BOWEN HS,170993005072,5072,Bowen High School,1709930,41.734303,-87.557463,17031460600,-1.2191173286133834,0.6058834862238857,0.4033886988769551,-0.22757783541185447,-0.24309431992489125,-0.41820653452304923,0.33965049946963033,0.3371815003697863,0.3063032309085415,0.5203098932557851,-0.585859068684224,-1.018630843714108,-0.7886492673888379,-1.904470594349967
610245,DOUGLASS HS,170993005789,5789,Douglass Academy High School,1709930,41.890188,-87.767076,17031251400,-1.3662009007503717,1.9072127474968754,0.68528091149199,0.24410184505073454,1.792319859428036,-0.41820653452304923,-0.9315391306143308,1.472021339191193,0.3124369724238994,-0.23717250843420315,-1.5702589248987384,-0.005343906766861857,-0.27885497103650037,1.7253496656409837
610386,PEACE AND EDUCATION HS,170993002596,2596,Peace and Education Coalition High School,1709930,41.80356,-87.667611,17031611300,-1.7385061927221237,-1.8961791120958424,0.07985331848924444,2.7660820930675873,4.698656452061783,-0.41820653452304923,-0.9315391306143308,1.8684092055026078,0.3475011516155607,-0.283684585730957,-1.152964036625755,-0.7158094602586095,-0.7612195591551625,0.2632208315261757
400147,CAMELOT - EXCEL HS,170993006219,6219,Chicago Excel Academy High School,1709930,41.69194,-87.654321,17031750600,-1.8212407020491799,4.790225775885873,0.3869178067844899,-1.1001083399719165,0.24483599793089011,-0.41820653452304923,-0.9315391306143308,-0.6148654286694943,0.7623032802282396,-0.6026245443372675,-0.7754041815676829,-0.27322436136211087,-0.5555288664988892,-1.3425598207570046
609766,VAUGHN HS,170993001018,1018,Vaughn Occupational High School,1709930,41.960243,-87.764367,17031150300,-2.3682077359336056,0.02380403375407559,-0.39662605989992916,0.8575975050550529,0.062443562765465054,1.153024368649724,-0.9315391306143308,1.030889853152049,-1.0338746337246612,0.7595148622105179,0.8047539617344216,0.7866504807321376,0.7970705165649741,1.3091947014925847
609769,GRAHAM HS,170993001076,1076,Graham  R Training Center,1709930,41.849534,-87.624985,17031841000,-2.657778518578301,-0.14024112563895066,0.44326979353183443,1.8700411415016385,1.3479750742519323,5.70693088462505,-0.9315391306143308,2.7447897927941187,-0.5916266452069731,0.14821327488175545,1.3066220597636375,0.6235928127176373,2.879865434739349,-0.9912658290543359
609748,YORK HS,170993000693,693,York Alternative High School,1709930,41.843173,-87.695803,17031843500,-2.7221275813882335,-2.6920865636015803,0.5714590263510901,2.8423684078473723,0.19143396953026376,-0.41820653452304923,-0.9315391306143308,2.7465859841604408,-0.05217800424834473,-0.316907498085781,-0.8902984970188034,0.27418352411513813,-0.8733152052154988,0.20162467312973184
609745,SOUTHSIDE HS,170993005305,5305,Southside Occupational Academy High School,1709930,41.759709,-87.676316,17031672000,-2.8646147918959413,-0.023979253793557337,0.3071699983899039,1.1521586082655189,-0.1339191568263009,-0.41820653452304923,-0.9315391306143308,1.657492872959077,0.585865215728373,0.28110492430105155,-0.8796843640100405,-1.635920586911858,-0.3807367444758662,0.04970199270318407
609783,JEFFERSON HS,170993000894,894,Jefferson Alternative High School,1709930,41.867671,-87.681435,17031838200,-2.8646147918959413,-2.7221186772221384,-0.48527338611186893,3.324923701338106,0.15693653516293374,-0.41820653452304923,-0.9315391306143308,2.863179885453637,-0.9037972516570332,-0.894986173059719,0.2651192346950844,0.21594864268138828,-1.6209192905164695,0.24508297569684134
