School ID,School Name,ncessch,school_id,school_name_x,leaid_x,street_mailing,city_mailing,state_mailing,zip_mailing,street_location,city_location,state_location,zip_location,latitude_x,longitude_x,census_tract_x,hs_graduates,enrollment_crdc,tot_hhld_census_tract,college_enrollment,college_enrollment_pct,free_or_reduced_price_lunch,teachers_certified_fte_crdc,counselors_fte_crdc,law_enforcement_fte_crdc,salaries_crdc,enrl_AP_crdc,above_pov_rate,internet_rate,emp_rate_25_64,FY 2017 Ending Budget,food_stamps,median_earnings,ds_pm_pred,opportunity_index
400022,CHIARTS HS,170993006058,6058,Chicago HS for the Arts,1709930,2714 W Augusta Blvd,Chicago,IL,60622,2714 W Augusta Blvd,Chicago,IL,60622,41.899534,-87.695034,17031351000,126,620,2335,96,76.2,2.6611839657925636,-0.42760756245515363,-0.2870788297585056,-0.41820653452304923,-0.49957246528788657,1.3519890153631076,-0.05776878171815319,0.9105621098943085,0.6002988601441387,-0.6859993523961769,1.2203803673051823,0.8388895799376268,-1.2261050453267879,0.30622810207470874
400035,CHICAGO MATH & SCIENCE HS,170993005092,5092,Chicago Math & Sci Elem Charter,1709930,7212 N Clark St,Chicago,IL,60626,7212 N Clark St,Chicago,IL,60626,42.008825,-87.672858,17031010202,86,592,976,73,84.9,-0.4661879496156005,-0.09156202273733155,-0.23955086928860755,-0.41820653452304923,-1.1646803324101473,0.11885961379924441,0.47379781595903137,0.09639619140067428,0.5537109549971397,-0.40859489422979944,-0.05160732933625893,-0.46739406627265345,0.9413658419564944,-0.08643489079237414
400091,CHICAGO TECH HS,170993006076,6076,Chicago Technology Academy HS,1709930,1301 W 14th St,Chicago,IL,60608,1301 W 14th St,Chicago,IL,60608,41.863183,-87.659626,17031842900,78,240,1148,44,56.4,-0.42397731399253547,0.4164635978502098,0.006010259805865367,-0.41820653452304923,1.3517180651987428,-0.07558920138684005,-0.7753836885823521,-1.5398841936264285,0.4255942158428891,-0.08790792756925858,-0.8071114710805983,-0.570496365371129,0.31098586278645496,-0.1682911303575407
609750,SIMPSON HS,170993004383,4383,Simpson Acad HS for Young Women,1709930,1321 S Paulina St,Chicago,IL,60608,1321 S Paulina St,Chicago,IL,60608,41.864477,-87.668483,17031842900,20,42,1148,11,55,-0.11766914217092336,5.283530480800493,6.1249926807109984,-0.41820653452304923,3.9688707909191385,-0.9315391306143308,-0.7753836885823521,-1.5398841936264285,0.4255942158428891,4.06138208132278,-0.8071114710805983,-0.570496365371129,0.31098586278645496,1.1550050451087648
400094,EPIC HS,170993006088,6088,EPIC Academy High School,1709930,8255 S Houston Ave,Chicago,IL,60617,8255 S Houston Ave,Chicago,IL,60617,41.744942,-87.549779,17031460100,76,541,1105,64,84.2,-0.6038925608950814,-0.6659560130787842,-0.7161482547769563,-0.41820653452304923,0.005336086822005533,-0.6031335025748079,-1.0544561523628742,-0.07181392772395224,-1.1001596777213565,-0.4719236988812261,-1.2495714199474344,-0.5013118319573856,-2.3776533231499,-0.7560685239054465
400147,CAMELOT - EXCEL HS,170993006219,6219,Chicago Excel Academy HS,1709930,1257 W 111th St,Chicago,IL,60643,1257 W 111th St,Chicago,IL,60643,41.69194,-87.654321,17031750600,75,300,1208,17,22.7,-0.38691780678448845,-1.1001083399719163,0.2448359979308899,-0.41820653452304923,0.0381470679632187,-0.9315391306143308,-0.6026245443372675,-0.7754041815676818,-0.2732243613621092,-0.6148654286694953,-0.7623032802282396,-0.5555288664988892,0.19415476269853657,-0.45719881892037095
609674,CHICAGO VOCATIONAL HS,170993000943,943,Chicago Vocational Career Acad HS,1709930,2100 E 87th St,Chicago,IL,60617,2100 E 87th St,Chicago,IL,60617,41.737729,-87.572866,17031450300,217,880,1361,98,45.2,-0.4913582361889844,-0.4961981316970364,0.12400716599411858,-0.41820653452304923,-0.4357333685201768,-0.5908416157866809,0.5601773880815737,-0.16495763737416935,-0.517810863383858,-0.2735880841867537,-0.08647443557209322,-0.17620233928611792,-1.9413145623867527,-0.37757701960230616
609676,DUNBAR HS,170993000588,588,Dunbar Vocational Career Acad HS,1709930,3000 S King Dr,Chicago,IL,60616,3000 S King Dr,Chicago,IL,60616,41.839591,-87.618741,17031839200,151,457,1418,78,51.7,-0.5959524263724838,-0.0768768281895642,-0.6103105609192124,3.535656788559421,-0.04678128826013625,-0.9315391306143308,0.16150243982368526,0.5082872195034399,0.20430166639464062,0.34792318338115674,0.21680429727803588,-0.28386555005810854,-0.4773700821546433,0.1501369021824538
609678,JONES HS,170993000990,990,Jones College Prep High School,1709930,700 S State St,Chicago,IL,60605,700 S State St,Chicago,IL,60605,41.874066,-87.628054,17031839000,430,1865,4720,382,88.8,2.975320533112475,-0.5336343903084918,-0.12274239654431976,-0.41820653452304923,-0.6876230802561932,2.6706325880678414,0.2943940892429814,1.186741879105198,0.9264141961731376,-0.9276777743932185,1.1385576582020567,1.7406653274419255,-1.0528902404138258,0.5530732196081937
609679,PROSSER HS,170993000681,681,Prosser Career Academy HS,1709930,2148 N Long Ave,Chicago,IL,60639,2148 N Long Ave,Chicago,IL,60639,41.91938,-87.761802,17031191200,314,1394,988,228,72.6,-0.40912768566875374,-0.46414534254461703,-0.5098241349654513,-0.41820653452304923,-0.7138579138624528,0.20755899537300807,-0.3700641578534993,-1.0722291121401168,0.8099444333056378,-0.6436120504699001,0.22209852019300075,-0.6573464017456704,1.4671057923521271,-0.19628504558074897
609682,RICHARDS HS,170993000718,718,Richards Career Academy HS,1709930,5009 S Laflin St,Chicago,IL,60609,5009 S Laflin St,Chicago,IL,60609,41.802843,-87.662097,17031611200,42,217,708,20,47.6,-0.7568785489193286,-0.1500238106112906,0.14358268960138648,-0.41820653452304923,0.25435372419926405,-0.9315391306143308,-1.1674140543692761,-1.065845667382634,-0.378047147942858,0.10244680871735375,-0.5930953792481866,-1.0404629823209401,-0.4174306481964884,-0.49373543704695216
609691,NORTH-GRAND HS,170993005074,5074,North-Grand High School,1709930,4338 W Wabansia Ave,Chicago,IL,60639,4338 W Wabansia Ave,Chicago,IL,60639,41.912521,-87.735313,17031230500,184,960,1124,126,68.5,-0.622510388321358,-0.3578424971646081,0.006010259805865367,-0.41820653452304923,-0.5068354056293691,-0.1449905469998799,-0.9016307555306838,-0.4312943326981907,0.9380611724598885,-0.6344614764523253,-0.881269427075058,-0.6222723485944133,1.0333068381126334,-0.27261041866234986
609692,SIMEON HS,170993000758,758,Simeon Career Academy High School,1709930,8147 S Vincennes Ave,Chicago,IL,60620,8147 S Vincennes Ave,Chicago,IL,60620,41.74549,-87.634742,17031842400,303,1335,1275,202,66.7,-0.2886476528395553,-0.6767450074322374,-0.8252713152507054,-0.41820653452304923,-0.6673737002014672,-0.9315391306143308,-0.09763627654394165,0.21388351627519364,-1.3098052508828557,-0.7046864485669931,0.19332688432200054,-0.26324509023841347,-0.7806229810785023,-0.5043514605826813
609694,HANCOCK HS,170993001980,1980,Hancock College Preparatory HS,1709930,4034 W 56th St,Chicago,IL,60629,4034 W 56th St,Chicago,IL,60629,41.791703,-87.724928,17031620300,200,971,1993,162,81,0.01583512516254771,-0.5220859115445046,-0.3295092643813306,-0.41820653452304923,-0.6201628230899793,1.0640175836143726,0.9787860837523563,0.7576556768459678,0.3091244529753894,-0.8248955456677016,0.14995833192893002,-0.28861917630937783,0.35517849629796877,0.04823665346627611
609695,AMUNDSEN HS,170993000587,587,Amundsen High School,1709930,5110 N Damen Ave,Chicago,IL,60625,5110 N Damen Ave,Chicago,IL,60625,41.975232,-87.680089,17031040402,225,1226,2479,159,70.7,0.17794819401604697,-0.47191729397193266,-0.5296918444713106,-0.41820653452304923,-0.4996846839377999,-0.7277505138060574,1.1781235578813005,1.9858157789694524,0.9497081487466378,-0.6847135719864059,1.2317549572225563,1.6014611641108374,0.8428213488388526,0.3565899005453176
609698,BOGAN HS,170993000626,626,Bogan High School,1709930,3939 W 79th St,Chicago,IL,60652,3939 W 79th St,Chicago,IL,60652,41.748598,-87.720583,17031700401,160,781,1857,93,58.1,-0.369645514052441,-0.2020513860787974,-0.893092926783501,0.5072303610716697,-0.4013735417122925,-0.9315391306143308,0.6399123777331515,0.41183302098379476,0.33241840554888963,-0.38337571225075473,0.1583654175463137,-0.029610783807786974,0.511122616850103,-0.049985138120460154
609704,FARRAGUT HS,170993000788,788,Farragut Career Academy HS,1709930,2345 S Christiana Av,Chicago,IL,60623,2345 S Christiana Av,Chicago,IL,60623,41.849562,-87.708282,17031300800,170,728,1103,79,46.5,-0.839078701636828,0.037379295175278104,-0.4361539710753913,0.07819883323757962,0.0189167603511965,-0.8018882651833773,-1.1541248894273464,-1.4103855468531084,0.5537109549971397,-0.1023770056372413,-1.5519120173166072,-0.9186031309877264,0.17840796225190447,-0.4883007478541944
609705,FENGER HS,170993000792,792,Fenger Academy High School,1709930,11220 S Wallace St,Chicago,IL,60628,11220 S Wallace St,Chicago,IL,60628,41.689552,-87.637839,17031491200,51,251,694,25,49,-0.5449427515782775,-0.7123915031660352,-0.05087271090640016,-0.41820653452304923,-0.1171742836586154,-0.9315391306143308,-0.18401584866648488,0.09694204944938842,-1.0419247962876068,0.056938014149309456,-0.36865369171436324,-0.5558500574618128,-0.9248839916218445,-0.4381980951230864
609708,FOREMAN HS,170993000799,799,Foreman High School,1709930,3235 N Leclaire Ave,Chicago,IL,60641,3235 N Leclaire Ave,Chicago,IL,60641,41.939595,-87.753937,17031151001,205,792,884,112,54.6,-0.6574040801730904,-0.35703339988664057,-0.5053096670098987,-0.41820653452304923,-0.4023713501140592,-0.8263855766551795,0.320972419126841,-0.31954707173222124,0.6468867652911392,-0.14738644769269785,0.32962861878873173,-0.1687507089462904,1.1100089951268783,-0.10729984910765665
609709,GAGE PARK HS,170993000809,809,Gage Park High School,1709930,5630 S Rockwell St,Chicago,IL,60629,5630 S Rockwell St,Chicago,IL,60629,41.79102,-87.689367,17031835100,66,329,1348,27,40.9,-0.8546754079670792,-0.1701294694139245,-0.34511123307650526,-0.41820653452304923,-0.23924542843793994,-0.03712665219703996,0.1282795274688612,0.07560013357442764,-1.0419247962876068,0.6663128885250179,-0.5318112764336786,-0.6342206524151712,-0.3778096664275437,-0.290774505200864
609710,HARLAN HS,170993000851,851,Harlan Community Academy HS,1709930,9652 S Michigan Ave,Chicago,IL,60628,9652 S Michigan Ave,Chicago,IL,60628,41.71875,-87.621348,17031490500,138,386,729,86,62.3,-0.5941877079421506,-0.2470297077940759,-0.4849302358893023,-0.41820653452304923,0.2339190861665391,-0.9315391306143308,0.6332677952621871,0.4338294865834132,-1.1001596777213565,0.43670888932589486,-0.07160732311783796,-0.47947084647858085,-1.1539745400551211,-0.28795234206136705
609711,HARPER HS,170993000852,852,Harper High School,1709930,6520 S Wood St,Chicago,IL,60636,6520 S Wood St,Chicago,IL,60636,41.775322,-87.669837,17031671300,36,134,606,23,63.9,-0.7317529655391081,-0.12710485999858695,1.0327594584290243,2.27868232913171,1.9436967450183487,-0.9315391306143308,0.015321625462459309,-1.4459784541040503,-2.3114452115433544,1.675728617131664,-1.3325583920612436,-0.791411509669981,-0.3940644281789047,-0.08612816742587331
609712,HIRSCH HS,170993000879,879,Hirsch Metropolitan High School,1709930,7740 S Ingleside Ave,Chicago,IL,60619,7740 S Ingleside Ave,Chicago,IL,60619,41.753954,-87.601929,17031691500,32,137,781,15,46.9,-0.7812402380158859,0.20520062100750588,0.9818532868955803,-0.41820653452304923,0.5634659733331566,-0.891012797409636,-0.8285403483500708,-1.4216108486218562,-1.6708615157721058,1.624949893581269,-1.7053346812453334,-0.5845645295471826,-1.8991537740941544,-0.5250042686739816
609713,HYDE PARK HS,170993000893,893,Hyde Park Academy High School,1709930,6220 S Stony Island,Chicago,IL,60637,6220 S Stony Island,Chicago,IL,60637,41.78211,-87.587269,17031420100,116,856,740,81,69.8,-0.7478150638946273,-0.42297104721258366,-0.5641243242999939,0.4261465209202633,-0.6470632519833582,-0.6526365267488439,-0.6890041164598099,-0.3656763918081729,0.4372411921296401,-0.6153192802183889,-1.4799549406052266,-0.5616957329870224,-1.4938006529195424,-0.5674364320067437
609715,KELLY HS,170993000920,920,Kelly High School,1709930,4136 S California Av,Chicago,IL,60632,4136 S California Av,Chicago,IL,60632,41.818178,-87.694838,17031580501,439,1891,1379,284,64.7,-0.5917767824910082,-0.38626530154223776,-0.6330200502279272,-0.41820653452304923,-0.5234713219858673,-0.43827943466549163,-0.20394959607937913,-0.39655028710561224,0.2392425952548902,-0.485439421954044,-0.218337852851278,-0.579682426910744,0.09408638566670806,-0.34935769457038773
609716,KELVYN PARK HS,170993000923,923,Kelvyn Park High School,1709930,4343 W Wrightwood Av,Chicago,IL,60639,4343 W Wrightwood Av,Chicago,IL,60639,41.92744,-87.736051,17031200200,88,451,1596,36,40.9,-0.7331195763694479,-0.24968000495632994,-0.25588531246562357,-0.41820653452304923,-0.3695167188305867,-0.24214217197482246,0.32761700159780544,-0.20315127920677237,0.8681793147393877,-0.0686793569951779,-0.21345213505783195,-0.5237309611694528,0.8402815423151991,-0.09549893791513098
609718,KENNEDY HS,170993000924,924,Kennedy High School,1709930,6325 W 56th St,Chicago,IL,60638,6325 W 56th St,Chicago,IL,60638,41.790206,-87.780788,17031561100,340,1691,1877,236,69.4,0.7227321907430636,-0.4028902201825587,-0.37086809047370634,-0.41820653452304923,-0.8629620145432245,-0.23219026648293042,1.38410561448121,0.4540222919017317,0.5770049075706384,-0.7332409419351484,0.9886415773178879,0.46238953319858317,0.7696749209577192,0.17986253600232432
609719,LAKE VIEW HS,170993000941,941,Lake View High School,1709930,4015 N Ashland Ave,Chicago,IL,60613,4015 N Ashland Ave,Chicago,IL,60613,41.955475,-87.668633,17031060100,269,1389,1227,178,66.2,0.32435944911472353,-0.42525620276320203,-0.17060282008281605,0.10214351260400298,-0.6986041451391004,0.08374909318478259,1.2844368774167378,1.6065801550575824,1.0778248879008885,-0.7533059135480994,1.3956806695949049,1.9051793386513933,0.5664903990656888,0.4845134846967297
609720,LANE TECH HS,170993000942,942,Lane Technical High School,1709930,2501 W Addison St,Chicago,IL,60618,2501 W Addison St,Chicago,IL,60618,41.945356,-87.690624,17031843700,850,4441,963,787,92.6,2.474924463934433,-0.7066887693698801,-0.5905104654435096,-0.41820653452304923,-0.9310121186240686,3.1278379323091583,1.3110152073005965,1.1085492597003201,0.7982974570188885,-1.0136953710381178,1.2476719566834964,1.4787019780814377,0.3988631685047537,0.6373652434257276
610402,DEVRY HS,170993005790,5790,Devry Advantage Academy High Schl,1709930,3300 N Campbell Ave,Chicago,IL,60618,3300 N Campbell Ave,Chicago,IL,60618,41.941039,-87.691119,17031843700,100,193,963,87,87,0.9693888359946893,-0.6454577145195851,0.3220952364863159,-0.41820653452304923,-0.5682656444451094,2.80822249827486,1.3110152073005965,1.1085492597003201,0.7982974570188885,-0.3119663828048975,1.2476719566834964,1.4787019780814377,0.3988631685047537,0.6537622555194397
609722,MANLEY HS,170993001125,1125,Manley Career Academy High School,1709930,2935 W Polk St,Chicago,IL,60612,2935 W Polk St,Chicago,IL,60612,41.870762,-87.700024,17031271800,48,114,213,20,41.7,-0.37242837539487594,0.6581707636261599,1.4406042245156812,-0.41820653452304923,1.9191750604409905,-0.10359325312543513,-3.26045753272319,-1.1666974516909883,-0.3314592427958591,1.7371632472361076,-1.513310756689303,-0.9969094877485001,-0.025792482249592782,-0.18721090931706577
609723,MARSHALL HS,170993000972,972,Marshall Metropolitan High School,1709930,3250 W Adams St,Chicago,IL,60624,3250 W Adams St,Chicago,IL,60624,41.878873,-87.707189,17031271300,76,341,360,48,63.2,-0.650417579023689,0.06474118114411577,-1.2919557082649205,-0.41820653452304923,0.20400330985430418,-0.5733386371276739,-1.997986863239877,-0.1911226388534759,-0.7041624839718585,0.32502367749629113,-1.1904362435429494,-0.5462785667666896,-0.28231294113828437,-0.5578807713813659
609724,MATHER HS,170993000977,977,Mather High School,1709930,5835 N Lincoln Ave,Chicago,IL,60659,5835 N Lincoln Ave,Chicago,IL,60659,41.988119,-87.701409,17031020701,325,1442,615,227,69.8,-0.1514463827409685,-0.3690632512317319,-0.2118175933655147,-0.41820653452304923,-0.6134277034412582,0.4353112268130825,1.1581898104684063,1.2670593390068288,0.7400625755851387,-0.6538825252045556,1.0199330870530023,0.19676460686076616,0.7838978374901645,0.2448749609823316
609725,MORGAN PARK HS,170993001002,1002,Morgan Park High School,1709930,1744 W Pryor Ave,Chicago,IL,60643,1744 W Pryor Ave,Chicago,IL,60643,41.692187,-87.665682,17031750500,235,1271,2087,154,65.5,-0.12921323311387578,-0.3761818232707948,-0.8017718650910596,-0.13387678807951048,-0.23441790923033395,-0.5646020397255602,0.08176745017210738,-1.0460633378103963,-0.028637859340358823,-0.5323177027371664,0.5876746718109658,0.19111164591331078,-0.6576963453338189,-0.28032501044896085
609726,BROOKS HS,170993002031,2031,Brooks College Prep Academy HS,1709930,250 E 111th St,Chicago,IL,60628,250 E 111th St,Chicago,IL,60628,41.694049,-87.615882,17031490901,200,961,1420,170,85,0.9109527423651091,-0.5996447127056738,0.0046596188401310775,0.333891504456634,-0.6188482114689902,2.690907795452345,0.5402436406686794,0.2002756393507964,-1.612626634338356,-0.7327671248944788,-0.6638792104210921,-0.4564735735332511,-1.0503504338901815,-0.08105068923987145
609727,PHILLIPS HS,170993001061,1061,Phillips Academy High School,1709930,244 E Pershing Rd,Chicago,IL,60653,244 E Pershing Rd,Chicago,IL,60653,41.824429,-87.619904,17031839600,92,634,785,64,69.6,-0.4831823401541066,-0.42278212506153245,-0.30926854000943593,-0.41820653452304923,-0.6672256683451482,-0.4411321458408004,0.5203098932557851,-0.7417528758518633,0.017950045806640072,-0.5146940155338736,0.022702419192016834,0.5857911011538302,-1.7381300404947133,-0.35304775587740395
609728,ROOSEVELT HS,170993001093,1093,Roosevelt High School,1709930,3436 W Wilson Ave,Chicago,IL,60625,3436 W Wilson Ave,Chicago,IL,60625,41.964989,-87.714552,17031140702,233,1099,2060,154,66.1,-0.6947819672747861,-0.22074578560335742,-0.7250551944578439,0.23945153231905775,-0.5388833156926315,-0.44149869207275777,0.09505661511403718,0.005042383060607333,0.44888816841638934,-0.4520987503672354,0.5744753554709656,-0.30981777986233544,1.1003577303370111,-0.07073920773945228
609729,SCHURZ HS,170993001111,1111,Schurz High School,1709930,3601 N Milwaukee Ave,Chicago,IL,60641,3601 N Milwaukee Ave,Chicago,IL,60641,41.947454,-87.735529,17031161100,437,1739,746,258,59,-0.4136720127603624,-0.3596388885333443,-0.575424754068282,0.4130369565171757,-0.6542414024766737,-0.3632382901717279,1.5169972639005063,0.8180708511552309,1.112765816761138,-0.5339689127160305,1.1122542063947862,1.9686466729250967,1.1841713456174696,0.4019814501957679
609730,SENN HS,170993001114,1114,Senn High School,1709930,5900 N Glenwood Ave,Chicago,IL,60660,5900 N Glenwood Ave,Chicago,IL,60660,41.989094,-87.666773,17031030500,291,1441,2864,219,75.3,0.2855246920034959,-0.19002583961000744,-0.21106801799084485,-0.41820653452304923,-0.40831088447034447,0.016287713011361737,1.0120089961071803,1.7416904639906425,1.0312369827538879,-0.7343038965422373,1.3344094082734006,1.1367620789529733,0.05802113303086571,0.35800202269133263
610390,RICKOVER MILITARY HS,170993005078,5078,Rickover Naval Academy High Schl,1709930,5900 N Glenwood Ave,Chicago,IL,60660,5900 N Glenwood Ave,Chicago,IL,60660,41.98902,-87.666421,17031030500,102,554,2864,77,75.5,-0.23179920931130213,-0.5131278350295243,0.39493147045523436,-0.41820653452304923,-0.29453908040691534,0.5116079839384098,1.0120089961071803,1.7416904639906425,1.0312369827538879,-0.5733422375645898,1.3344094082734006,1.1367620789529733,0.05802113303086571,0.39920412466670874
609732,STEINMETZ HS,170993001139,1139,Steinmetz College Prep HS,1709930,3030 N Mobile Ave,Chicago,IL,60634,3030 N Mobile Ave,Chicago,IL,60634,41.935607,-87.784325,17031190401,315,1276,1234,214,67.9,-0.2317093377250825,-0.4530090769972585,-0.31542958808627286,-0.41820653452304923,-0.5399841373547836,-0.23099890216922703,0.46050865101710153,-0.0896160484514827,-0.08687274077410868,-0.5160680412091441,0.7353276356976799,-0.13162103363232228,1.5986677702772198,-0.016847029533133107
609733,SULLIVAN HS,170993001149,1149,Sullivan High School,1709930,6631 N Bosworth Ave,Chicago,IL,60626,6631 N Bosworth Ave,Chicago,IL,60626,42.002831,-87.668928,17031830600,110,723,1868,62,56.4,-0.5312895206975196,-0.3205065186240454,-0.43023556348763525,1.0813084353098876,-0.5818509218858424,-0.7625953293986323,0.36083991395262943,0.7841912691995259,0.5770049075706384,-0.5842650179795075,0.2631645997438831,-0.2183425936216942,0.4948678550987419,0.010176270398494605
609734,TAFT HS,170993001153,1153,Taft High School,1709930,6530 W Bryn Mawr Ave,Chicago,IL,60631,6530 W Bryn Mawr Ave,Chicago,IL,60631,41.984656,-87.791426,17031100300,655,3373,2676,514,78.5,2.0209597526475287,-0.5961020957400193,-0.4607649312020988,-0.2039266010930239,-0.8907907568255985,0.4132791170193131,1.2645031300038436,-0.43743107562449385,1.1011188404743872,-0.9397265618857156,1.4169977045825892,0.8855907459467183,3.0615963278998715,0.5104079689387155
609735,TILDEN HS,170993001161,1161,Tilden Career Communty Academy HS,1709930,4747 S Union Ave,Chicago,IL,60609,4747 S Union Ave,Chicago,IL,60609,41.807504,-87.642518,17031843800,55,248,630,24,43.6,-0.5665795652308725,0.33722426443378783,-0.035859610131901934,-0.41820653452304923,0.7926478589776135,-0.7300513530280863,0.048544537817283344,0.11642444968575175,-1.0768657251478564,0.47062262629648954,-0.5068963863835348,-0.060573592633622,-0.7862105554305382,-0.18582919886911808
609737,VON STEUBEN HS,170993001180,1180,Von Steuben Metro Science HS,1709930,5039 N Kimball Ave,Chicago,IL,60625,5039 N Kimball Ave,Chicago,IL,60625,41.973222,-87.713126,17031831800,351,1726,2151,282,80.3,0.6829921907510524,-0.5474665854031432,-0.2090640547180308,-0.41820653452304923,-0.6866877520607468,0.8923571828314887,0.7329365323266592,0.57551973121481,0.6352397890043883,-0.7454883444412403,0.5040920590647617,-0.17800100867849009,0.19821845313637682,0.11049551219267975
609749,NORTHSIDE PREP HS,170993003481,3481,Northside College Preparatory Hs,1709930,5501 N Kedzie Ave,Chicago,IL,60625,5501 N Kedzie Ave,Chicago,IL,60625,41.981351,-87.707935,17031831800,248,1059,2151,238,96,2.659490668378324,-0.478787641828933,-0.11532933494296158,-0.07695714101054897,-0.42597433872122953,2.3556860780259674,0.7329365323266592,0.57551973121481,0.6352397890043883,-0.7048321807215493,0.5040920590647617,-0.17800100867849009,0.19821845313637682,0.43702320501904435
609738,LINCOLN PARK HS,170993001185,1185,Lincoln Park High School,1709930,2001 N Orchard St,Chicago,IL,60614,2001 N Orchard St,Chicago,IL,60614,41.919347,-87.645354,17031071200,507,2101,936,449,88.6,1.9532916730666559,-0.4844556308880015,-0.40234552548437236,-0.41820653452304923,-0.6090285170805184,0.9790624068717336,0.9787860837523563,1.5317487717494822,1.171000698194888,-0.8552490013719332,1.3475291962429825,2.1776135134031906,0.2906674105972537,0.5892626572715899
609739,WASHINGTON HS,170993001189,1189,Washington G High School,1709930,3535 E 114th St,Chicago,IL,60617,3535 E 114th St,Chicago,IL,60617,41.687525,-87.53905,17031520600,304,1436,801,212,69.7,-0.39175486144594485,-0.36208180630069936,-0.4242347268248408,0.5884316485681423,-0.8128410574191107,0.17037638469020064,0.5269544757267496,-0.7887486739068709,-0.23828343250185965,-0.7544369405025652,0.8404669342691161,-0.42139952038199396,-1.0833679186976322,-0.24237842267133144
609740,WELLS HS,170993001192,1192,Wells Community Academy HS,1709930,936 N Ashland Ave,Chicago,IL,60622,936 N Ashland Ave,Chicago,IL,60622,41.899153,-87.668346,17031242100,116,380,1666,59,50.9,-0.32227265135391014,-0.11754060560828546,0.34758025140344057,-0.41820653452304923,-0.10146316943991196,0.4710985912492102,1.2312802176490196,1.9181273379687562,0.8681793147393877,-0.1356424485860858,1.2552355870335739,1.4821066022884277,-0.408795306016079,0.4668990143695766
609741,HUBBARD HS,170993000889,889,Hubbard High School,1709930,6200 S Hamlin Ave,Chicago,IL,60629,6200 S Hamlin Ave,Chicago,IL,60629,41.780103,-87.718726,17031650100,345,1777,1206,243,70.4,-0.6523257286529385,-0.5542400476262285,-0.41544520647260597,-0.41820653452304923,-0.797868092247366,0.3401028576583622,-0.09099169407297722,-0.27336821791921645,-0.028637859340358823,-0.6942538483883016,-0.17464333039738164,-0.8665701949941033,0.3521307284695863,-0.32879362834665987
609745,SOUTHSIDE HS,170993005305,5305,Southside Occupational Acad HS,1709930,7342 S Hoyne Ave,Chicago,IL,60636,7342 S Hoyne Ave,Chicago,IL,60636,41.759709,-87.676316,17031672000,29,269,1179,0,0,-0.3071699983899025,1.152158608265519,-0.13391915682630118,-0.41820653452304923,1.8447523483400758,-0.9315391306143308,0.28110492430105155,-0.8796843640100394,-1.6359205869118563,1.657492872959076,-0.5858652157283731,-0.38073674447586625,-0.2538671080734026,-0.045492314283646085
609746,KENWOOD HS,170993000925,925,Kenwood Academy High School,1709930,5015 S Blackstone Av,Chicago,IL,60615,5015 S Blackstone Av,Chicago,IL,60615,41.803407,-87.589655,17031390700,360,1755,3287,299,83.1,1.6780976644565695,-0.5575235561501566,-0.40445761043874207,0.19954236757906663,-0.7827699515430739,0.3338985101932323,0.34755074901069966,0.5552891311663686,-0.028637859340358823,-0.8560675131046682,1.272096875211332,0.7155522501749645,-1.4506239420174865,0.07861131655367287
609748,YORK HS,170993000693,693,York Alternative High School,1709930,2700 S California Av,Chicago,IL,60608,2700 S California Av,Chicago,IL,60608,41.843173,-87.695803,17031843500,32,210,300,1,3.1,-0.5714590263510888,2.8423684078473723,0.1914339695302635,-0.41820653452304923,-0.042852645603121166,-0.9315391306143308,-0.316907498085781,-0.8902984970188023,0.2741835241151398,2.7465859841604403,0.05217800424834454,-0.8733152052154989,-0.03239597921108657,0.15613656717529242
609751,KING HS,170993000931,931,King College Prep High School,1709930,4445 S Drexel Blvd,Chicago,IL,60653,4445 S Drexel Blvd,Chicago,IL,60653,41.813881,-87.602917,17031390300,130,600,1439,111,85.4,0.39662605989993055,-0.28842195071500387,-0.2535829338082917,-0.41820653452304923,0.0036256662144754682,1.335571492744969,-1.1142573946015573,-0.7857445259788033,0.006303069519890763,-0.3495517380855648,-0.9065147738276301,0.15751507119150226,-1.1255287069902304,-0.2570897845353356
609753,CHICAGO AGRICULTURE HS,170993005147,5147,Chicago HS for Agricult Sciences,1709930,3857 W 111th St,Chicago,IL,60655,3857 W 111th St,Chicago,IL,60655,41.690023,-87.717329,17031740400,152,718,1818,128,84.2,2.9219225240089415,-0.46918014237036965,-0.4242347268248408,3.608346197841717,-0.25667211741688356,-0.6531604741163439,1.3907501969521745,0.3570090192651721,0.8565323384526384,-0.23689907799468954,1.3012973454046548,1.1135720914298894,0.6584313952218367,0.7821318899887613
609755,YOUNG HS,170993000714,714,Young Magnet High School,1709930,211 S Laflin St,Chicago,IL,60607,211 S Laflin St,Chicago,IL,60607,41.87827,-87.663686,17031833100,463,2159,3820,414,89.4,2.910189036710382,-0.6271572155230066,-0.1376737913145227,-0.41820653452304923,-0.6742474763542617,1.9255204331128468,0.8126715219782361,1.3875915071236966,1.0545309353273882,-0.8467956257578871,0.9301290529450819,3.6080695858797345,-0.2858686702713957,0.7414425199487109
609756,CURIE HS,170993001198,1198,Curie Metropolitan High School,1709930,4959 S Archer Ave,Chicago,IL,60632,4959 S Archer Ave,Chicago,IL,60632,41.801913,-87.722181,17031570400,519,2916,525,400,77.1,-0.43824772976047843,-0.391794616273389,-0.330499435619894,0.07751789308975975,-0.5755042883511233,0.09091690763539113,0.600044882907363,-0.9309285711010492,-0.11016669334760895,-0.6728774548809928,0.7255157739874692,-0.6262551165346659,0.26018973231344733,-0.17862220891813627
609759,CLEMENTE HS,170993001086,1086,Clemente Community Academy HS,1709930,1147 N Western Ave,Chicago,IL,60622,1147 N Western Ave,Chicago,IL,60622,41.902601,-87.685986,17031242400,94,755,1370,64,68.1,-0.47008256657397474,-0.13875931567948369,-0.4667588014119705,0.5390997111186403,-0.32013203646205973,-0.06379250467115789,0.9123402590427082,1.4337713974740842,0.8332383858791381,-0.48083945506115244,1.3320112541758489,0.9901705234746423,-0.4890531921634351,0.27778566608783284
609760,CARVER MILITARY HS,170993000671,671,Carver Military Academy HS,1709930,13100 S Doty Ave,Chicago,IL,60827,13100 S Doty Ave,Chicago,IL,60827,41.656534,-87.589046,17031540102,108,478,1150,73,67.6,-0.47525810250815304,-0.6993594113848214,-0.6402573142544842,-0.41820653452304923,0.04747687144285828,-0.2926982923353035,-2.602643868097674,-1.3292799496030763,-1.9620359229408553,-0.42399251860668974,-2.043685607093793,-1.1086839428459128,-1.5420569768689054,-1.0377447361246046
609761,CORLISS HS,170993001072,1072,Corliss High School,1709930,821 E 103rd St,Chicago,IL,60628,821 E 103rd St,Chicago,IL,60628,41.706533,-87.602607,17031500200,78,310,790,41,52.6,-0.03374241090319427,0.027157307586919668,-0.2870788297585056,0.7475454258954597,0.272511278057224,0.3758926706119671,-0.5162449722147252,-0.731892638571563,-1.0069838674273572,0.44564726816838574,-2.147753636537988,-0.5320176880128817,-1.0752405378219518,-0.3432462023790931
609762,JULIAN HS,170993000895,895,Julian High School,1709930,10330 S Elizabeth St,Chicago,IL,60643,10330 S Elizabeth St,Chicago,IL,60643,41.70605,-87.654396,17031730700,192,516,716,90,46.9,-0.6769915575557784,-0.2019877819691636,-0.08454550540837551,-0.41820653452304923,-0.11910423193708326,0.06913143403880094,-0.13750377136973105,0.19252702482118345,-0.005343906766860202,0.2770752601067861,-0.649440635758645,-0.117231678493345,-1.1407675461321336,-0.2317222639190303
609764,JUAREZ HS,170993000722,722,Juarez Community Academy HS,1709930,2150 S Laflin St,Chicago,IL,60608,2150 S Laflin St,Chicago,IL,60608,41.852914,-87.66456,17031310700,296,1734,505,186,62.8,-0.6688118734762459,-0.4139221773547997,-0.3937093635792555,-0.41820653452304923,-0.8435014130008675,-0.34559005346617483,-0.10428085901490702,0.4782511270188503,0.6468867652911392,-0.7833288054757369,0.6401818784165703,-0.6635775064263882,-0.06541346401853745,-0.2257709445853386
609766,VAUGHN HS,170993001018,1018,Vaughn Occupational High School,1709930,4355 N Linder Ave,Chicago,IL,60641,4355 N Linder Ave,Chicago,IL,60641,41.960243,-87.764367,17031150300,37,230,2991,4,10.8,0.39662605989993055,0.8575975050550534,0.06244356276546479,1.153024368649724,1.4558249958888354,-0.9315391306143308,0.7595148622105179,0.8047539617344225,0.7866504807321392,1.030889853152048,1.0338746337246607,0.7970705165649742,2.0299269179930692,0.7874352759812699
609769,GRAHAM HS,170993001076,1076,Graham  R Training Center,1709930,2347 S Wabash Ave,Chicago,IL,60616,2347 S Wabash Ave,Chicago,IL,60616,41.849534,-87.624985,17031841000,22,118,519,1,4.5,-0.443269793531833,1.8700411415016387,1.347975074251932,5.7069308846250495,2.7531650453106886,-0.9315391306143308,0.14821327488175545,1.3066220597636384,0.623592812717639,2.7447897927941183,0.5916266452069727,2.879865434739349,-1.1697213405017532,1.3406378385496052
609780,MARINE LEADERSHIP AT AMES HS,170993002618,2618,Marine Leadership Academy - Ames,1709930,1920 N Hamlin Ave,Chicago,IL,60647,1920 N Hamlin Ave,Chicago,IL,60647,41.916146,-87.722135,17031222900,76,864,300,45,59.2,-0.6607463878217238,-0.40827622749124365,-0.21031740153926565,-0.41820653452304923,-0.35175633822016794,-0.301786179681192,0.4139965737203477,0.6502584785997141,0.7982974570188885,-0.633659134380491,0.05217800424834454,-0.5825731455770563,1.008416734180863,-0.04955185395892552
609783,JEFFERSON HS,170993000894,894,Jefferson Alt High School,1709930,1100 S Hamilton Ave,Chicago,IL,60612,1100 S Hamilton Ave,Chicago,IL,60612,41.867671,-87.681435,17031838200,10,215,400,0,0,0.4852733861118703,3.324923701338106,0.1569365351629335,-0.41820653452304923,0.18283759712595354,-0.9315391306143308,-0.894986173059719,0.2651192346950854,0.21594864268138994,2.8631798854536368,0.9037972516570331,-1.6209192905164698,0.029575299965983973,0.3509184927291095
610244,CLARK HS,170993001210,1210,Clark  G R Elem School,1709930,1045 S Monitor Ave,Chicago,IL,60644,1045 S Monitor Ave,Chicago,IL,60644,41.868021,-87.77017,17031831400,94,236,967,74,78.7,-0.443269793531833,-0.30217934714308703,0.02800968299350582,-0.41820653452304923,-0.10263183361681616,-0.9315391306143308,0.08841203264307275,-0.7470638304765287,0.15771376124764006,1.599728657137151,-0.4059094362418456,-0.6634490300412188,1.5290770715291977,-0.04702367158754939
610245,DOUGLASS HS,170993005789,5789,Douglass Academy High School,1709930,543 N Waller Ave,Chicago,IL,60644,543 N Waller Ave,Chicago,IL,60644,41.890188,-87.767076,17031251400,43,101,1712,14,32.6,-0.6852809114919886,0.2441018450507349,1.792319859428036,-0.41820653452304923,1.987488852839298,-0.9315391306143308,-0.23717250843420315,-1.570258924898737,-0.005343906766860202,1.472021339191192,-0.31243697242389956,-0.2788549710365004,1.1897589199695056,0.17281515048378443
610304,PHOENIX MILITARY HS,170993004715,4715,Phoenix Military Academy HS,1709930,145 S Campbell Ave,Chicago,IL,60612,145 S Campbell Ave,Chicago,IL,60612,41.879116,-87.688418,17031280800,118,531,361,93,78.8,-0.5150557639106164,-0.6883518784577048,-0.11865313825743048,0.26236428982673937,-0.4139523744527108,1.9020224002532824,-0.031190451834293583,-0.8343618022296707,-1.6242736106251052,-0.3914318715404934,-0.9156581383144801,-0.8165286429706065,1.1887429973600387,-0.23048676808869628
610323,BOWEN HS,170993005072,5072,Bowen High School,1709930,2710 E 89th St,Chicago,IL,60617,2710 E 89th St,Chicago,IL,60617,41.734303,-87.557463,17031460600,67,297,355,24,35.8,-0.4033886988769537,-0.2275778354118541,-0.24309431992489156,-0.41820653452304923,0.18903104426232764,0.33965049946963033,0.5203098932557851,-0.5858590686842229,-1.0186308437141065,0.33718150036978534,-0.3063032309085416,-0.788649267388838,-1.4932926916148135,-0.3152945810530571
610334,RABY HS,170993005075,5075,Raby High School,1709930,3545 W Fulton Blvd,Chicago,IL,60624,3545 W Fulton Blvd,Chicago,IL,60624,41.8858,-87.715382,17031836800,68,378,936,33,48.5,-0.8739856158045328,0.09606107577511251,-0.4678503317120406,-0.41820653452304923,-0.08342998008158625,-0.9315391306143308,-2.3302159867881174,-1.316914274882392,0.09947887981389021,-0.06204292958285295,-2.367403982664456,-0.9423070240514881,0.0981500761045483,-0.7307850583854841
610340,CHICAGO ACADEMY HS,170993005061,5061,Chicago Academy High School,1709930,3400 N Austin Ave,Chicago,IL,60634,3400 N Austin Ave,Chicago,IL,60634,41.943327,-87.776988,17031171100,105,542,1260,87,82.9,0.19267178723150183,-0.43203164203624045,-0.7172106301523954,-0.41820653452304923,-0.8014989438087031,0.021128787025920196,0.9522077538684977,0.49450986128443647,0.9147672198863882,-0.6421285622890949,1.309075174428044,0.25958955920862226,1.4808207475798436,0.2010534290541362
610357,SPRY HS,170993005677,5677,Spry Community Links High School,1709930,2400 S Marshall Blvd,Chicago,IL,60623,2400 S Marshall Blvd,Chicago,IL,60623,41.848607,-87.697784,17031301100,43,129,796,31,72.1,-0.726240072117967,0.7418336008877112,1.1228646974481695,2.38321290524236,1.041831674084648,1.3065197666743942,-0.7222270288146339,-1.316914274882392,-0.3431062190826084,0.24783418670031765,-1.368613906001327,-0.7414984340316535,0.43492842114059604,0.15849425517289345
610381,BRONZEVILLE HS,170993005792,5792,Bronzeville Scholastic HS,1709930,4934 S Wabash Ave,Chicago,IL,60615,4934 S Wabash Ave,Chicago,IL,60615,41.804436,-87.62508,17031381800,84,322,537,57,67.9,-0.5583056963748525,-0.36829040549314396,-0.3245276575289311,-0.41820653452304923,-0.4226859862353368,-0.9142965602756873,-0.031190451834293583,-0.4231661369000119,0.7051216467248891,-0.22660074116456944,-0.4399843716828634,0.1711335680194629,-1.7000329426399643,-0.3808486361467963
610383,SOCIAL JUSTICE HS,170993005793,5793,School of Social Justice HS,1709930,3120 S Kostner Ave,Chicago,IL,60623,3120 S Kostner Ave,Chicago,IL,60623,41.834912,-87.735753,17031830500,70,286,1072,50,71.4,-0.718491179966574,-0.11305945145338907,-0.20275349729642886,0.8453707652312786,-0.4942058657007228,0.6603239016288196,-0.39664248773735794,0.5933056259993512,0.14606678496089076,-0.2192102659743096,0.05985241030778637,-0.6844549190164222,0.5949362321305705,0.005464465624114819
610384,INFINITY HS,170993005795,5795,Infinity Math  Science & Tech HS,1709930,3120 S Kostner Ave,Chicago,IL,60623,3120 S Kostner Ave,Chicago,IL,60623,41.834922,-87.735531,17031830500,79,418,1072,63,79.7,-0.5852102349626095,-0.3536266745057254,-0.5467120902338473,-0.41820653452304923,-0.6498368966765774,0.3037384085268558,-0.39664248773735794,0.5933056259993512,0.14606678496089076,-0.5400894246979627,0.05985241030778637,-0.6844549190164222,0.5949362321305705,-0.19052921541754592
610385,MULTICULTURAL HS,170993005794,5794,Multicultural Acad Scholarshp HS,1709930,3120 S Kostner Ave,Chicago,IL,60623,3120 S Kostner Ave,Chicago,IL,60623,41.835448,-87.735546,17031830500,56,230,1072,35,62.5,-0.5977656863035626,0.13320919427657305,0.06244356276546479,-0.41820653452304923,-0.3803506833683526,-0.49702635808051643,-0.39664248773735794,0.5933056259993512,0.14606678496089076,-0.21361013463958392,0.05985241030778637,-0.6844549190164222,0.5949362321305705,-0.12294176870986219
610392,WORLD LANGUAGE HS,170993005788,5788,World Language High School,1709930,3120 S Kostner Ave,Chicago,IL,60623,3120 S Kostner Ave,Chicago,IL,60623,41.835226,-87.735982,17031830500,74,352,1072,57,77,-0.6754525414757104,-0.32871499515778124,0.4779978845588785,-0.41820653452304923,-0.5368236422433025,0.7246293442423004,-0.39664248773735794,0.5933056259993512,0.14606678496089076,-0.5367137053800897,0.05985241030778637,-0.6844549190164222,0.5949362321305705,-0.07540158025645659
610386,PEACE AND EDUCATION HS,170993002596,2596,Peace and Education Coalition HS,1709930,4946 S Paulina St,Chicago,IL,60609,4946 S Paulina St,Chicago,IL,60609,41.80356,-87.667611,17031611300,49,104,824,12,24.5,-0.07985331848924303,2.766082093067588,4.698656452061784,-0.41820653452304923,1.2010555096923214,-0.9315391306143308,-0.283684585730957,-1.1529640366257536,-0.7158094602586078,1.8684092055026071,-0.34750115161556083,-0.7612195591551626,-0.3092348902889794,0.42570696869405056
610391,LINDBLOM HS,170993005791,5791,Lindblom Math & Science Acad HS,1709930,6130 S Wolcott Ave,Chicago,IL,60636,6130 S Wolcott Ave,Chicago,IL,60636,41.78211,-87.672162,17031670600,205,1325,373,194,94.6,1.2021459146861566,-0.4439884582885729,-0.35154262951174736,0.40001936977069674,-0.6436543575005835,1.8424195589453576,-1.4531311006207626,-1.7458175368095932,-4.268137227717349,-0.8223169146490581,-1.593076803634332,-0.5568778685431683,-0.7902742458683785,-0.7095563307493334
610394,UPLIFT HS,170993005787,5787,Uplift Community High School,1709930,900 W Wilson Ave,Chicago,IL,60640,900 W Wilson Ave,Chicago,IL,60640,41.965948,-87.65217,17031031501,59,242,1776,36,61,-0.5064533129148118,0.1313671388136907,-0.004716731665793967,-0.41820653452304923,0.46620273353056296,-0.9315391306143308,-1.3003057037885721,-0.17590923836659775,-0.07522576448735938,0.2524399227379024,-0.905984123679262,-0.4242902390483064,-0.22084962326595173,-0.31642081594399074
610513,AIR FORCE HS,170993006055,6055,Air Force Acad High School,1709930,3630 S Wells St,Chicago,IL,60609,3630 S Wells St,Chicago,IL,60609,41.827898,-87.632962,17031340600,45,263,413,31,68.9,-0.028521573035402835,0.006721969493083112,1.0769555642597077,-0.41820653452304923,0.9586663795840683,-0.15044413816338864,-3.107632135891,-2.117464463367336,-2.7074424052928525,-0.0655896838804335,-1.9223927867647563,-1.2525132560431007,-0.4514640556134061,-0.7830251630182974
610518,AUSTIN CCA HS,170993005984,5984,Austin College and Career Acad HS,1709930,231 N Pine Ave,Chicago,IL,60644,231 N Pine Ave,Chicago,IL,60644,41.884832,-87.762933,17031251900,84,219,1601,32,38.1,-0.6709198228837278,0.18384258867239936,0.13047274989484478,-0.41820653452304923,0.6226294580729971,-0.19632852868623812,-1.5328660902723406,-1.3058114282796547,-1.7174494209191047,0.4782493140448939,-1.3318826735667921,-0.871452297630542,1.268492922202666,-0.4124022895287422
610524,ALCOTT HS,170993006072,6072,Alcott Humanities High School,1709930,2957 N Hoyne Ave,Chicago,IL,60618,2957 N Hoyne Ave,Chicago,IL,60618,41.935468,-87.680351,17031051400,57,311,787,47,82.5,0.08612288512970849,3.0700008841034516,0.7113358180179644,-0.41820653452304923,4.225057698534484,0.5680655077124455,1.091743985758758,1.4070301771691163,0.7167686230116384,1.5850023865726484,1.0312206105570263,1.80387570894529,0.5436321403528339,1.2632038377955628
610529,OGDEN HS,170993006093,6093,Ogden Int High School,1709930,1250 W Erie St,Chicago,IL,60642,1250 W Erie St,Chicago,IL,60642,41.893928,-87.6585,17031243200,78,885,928,68,87.2,2.1410251401043636,1.0590788257409411,0.11600737574406762,-0.41820653452304923,1.0289511798452293,-0.9189919946842897,0.9189848415136735,1.86278306372015,0.9613551250333888,0.12706783912200248,1.3038422071736713,1.7660394135128898,0.342987424984448,0.7916095313298067
